1200	0.3	0	0.04	4.8	1	0

0	0.25	0.5	0.75	1	1.25	1.5	1.75	2	2.25	2.5	2.75	3	3.25	3.5	3.75	4	4.25	4.5	4.75	5	5.25	5.5	5.75	6	6.25	6.5	6.75	7	7.25	7.5	7.75	8	8.25	8.5	8.75	9	9.25	9.5	9.75	10	10.25	10.5	10.75	11	11.25	11.5	11.75	12	12.25	12.5	12.75	13	13.25	13.5	13.75	14	14.25	14.5	14.75	15	15.25	15.5	15.75	16	16.25	16.5	16.75	17	17.25	17.5	17.75	18	18.25	18.5	18.75	19	19.25	19.5	19.75	20	20.25	20.5	20.75	21	21.25	21.5	21.75	22	22.25	22.5	22.75	23	23.25	23.5	23.75	24	24.25	24.5	24.75	25	25.25	25.5	25.75	26	26.25	26.5	26.75	27	27.25	27.5	27.75	28	28.25	28.5	28.75	
0	0	0	0	0	0	0	0	0	0	0	0	0	0	0	0	0	0	0	0	0.0233588	1.40803	2.76001	4.07996	5.36854	6.6264	7.85414	9.0524	10.2218	11.3629	12.4762	13.5625	14.6221	15.6557	16.6638	17.647	18.6056	19.5403	20.4516	21.3398	22.2289	24.4573	26.6314	28.7523	30.8212	32.839	34.8069	36.7258	38.5969	40.4209	42.1991	43.9322	45.6212	47.267	48.8705	50.4327	51.9542	53.4361	54.879	56.2839	57.6749	60.3906	63.0379	65.6181	68.1327	70.583	72.9703	75.296	77.5613	79.7674	81.9156	84.007	86.043	88.0245	89.9528	91.829	93.6541	95.4292	97.1554	98.8336	100.488	103.458	106.351	109.167	111.909	114.578	117.175	119.703	122.162	124.554	126.88	129.142	131.341	133.478	135.556	137.574	139.534	141.437	143.286	145.079	146.844	149.917	152.907	155.815	158.643	161.392	164.065	166.662	169.186	171.637	174.018	176.33	178.574	180.752	182.865	184.915	
0	0	0	0	0	0	0	0	0	0	0	0	0	0	0	0	0	0	0	0	0.3	0.294054	0.288227	0.282514	0.276915	0.271427	0.266047	0.260775	0.255606	0.250541	0.245575	0.240708	0.235938	0.231262	0.226678	0.222186	0.217782	0.213466	0.209236	0.205089	0.501024	0.491094	0.481362	0.471822	0.462471	0.453305	0.444321	0.435515	0.426884	0.418423	0.410131	0.402002	0.394035	0.386226	0.378571	0.371068	0.363714	0.356506	0.34944	0.342515	0.635726	0.623127	0.610778	0.598673	0.586807	0.575178	0.563778	0.552605	0.541653	0.530919	0.520397	0.510083	0.499974	0.490065	0.480352	0.470832	0.461501	0.452354	0.443389	0.434602	0.725989	0.7116	0.697497	0.683674	0.670124	0.656843	0.643825	0.631065	0.618558	0.606299	0.594283	0.582505	0.57096	0.559645	0.548553	0.537682	0.527026	0.516581	0.506343	0.496308	0.786471	0.770884	0.755606	0.740631	0.725953	0.711565	0.697463	0.68364	0.670091	0.656811	0.643793	0.631034	0.618528	0.606269	0.594254	0.582476	
0	0	0	0	0	0	0	0	0	0	0	0	0	0	0	0	0	0	0	0	9.09752e-06	0.000548385	0.00107494	0.00158902	0.00209088	0.00258078	0.00305894	0.00352563	0.00398107	0.00442548	0.00485911	0.00528216	0.00569486	0.00609743	0.00649005	0.00687295	0.00724632	0.00761036	0.00796526	0.0083112	0.00865748	0.00952537	0.0103721	0.0111981	0.0120039	0.0127898	0.0135562	0.0143036	0.0150323	0.0157427	0.0164352	0.0171102	0.017768	0.018409	0.0190336	0.019642	0.0202345	0.0208117	0.0213737	0.0219208	0.0224626	0.0235203	0.0245513	0.0255562	0.0265356	0.0274899	0.0284197	0.0293254	0.0302077	0.0310669	0.0319036	0.0327181	0.0335111	0.0342828	0.0350338	0.0357645	0.0364754	0.0371667	0.037839	0.0384926	0.0391371	0.0402938	0.0414203	0.0425172	0.043585	0.0446244	0.0456361	0.0466204	0.0475782	0.0485097	0.0494158	0.0502968	0.0511532	0.0519857	0.0527947	0.0535806	0.0543441	0.0550855	0.0558053	0.056504	0.057191	0.0583881	0.0595525	0.0606851	0.0617864	0.0628572	0.0638981	0.0649097	0.0658925	0.0668473	0.0677746	0.068675	0.0695491	0.0703973	0.0712203	0.0720185	
0	0	0	0	0	0	0	0	0	0	0	0	0	0	0	0	0	0	0	0	0.0233588	1.40803	2.76001	4.07996	5.36854	6.6264	7.85414	9.0524	10.2218	11.3629	12.4762	13.5625	14.6221	15.6557	16.6638	17.647	18.6056	19.5403	20.4516	21.3398	22.2289	24.4573	26.6314	28.7523	30.8212	32.839	34.8069	36.7258	38.5969	40.4209	42.1991	43.9322	45.6212	47.267	48.8705	50.4327	51.9542	53.4361	54.879	56.2839	57.6749	60.3906	63.0379	65.6181	68.1327	70.583	72.9703	75.296	77.5613	79.7674	81.9156	84.007	86.043	88.0245	89.9528	91.829	93.6541	95.4292	97.1554	98.8336	100.488	103.458	106.351	109.167	111.909	114.578	117.175	119.703	122.162	124.554	126.88	129.142	131.341	133.478	135.556	137.574	139.534	141.437	143.286	145.079	146.844	149.917	152.907	155.815	158.643	161.392	164.065	166.662	169.186	171.637	174.018	176.33	178.574	180.752	182.865	184.915	
0	0	0	0	0	0	0	0	0	0	0	0	0	0	0	0	0	0	0	0	0	0	0	0	0	0	0	0.00140191	0	0.00115451	0	0	0	0	0	0	0	0	0	0	0	0	0	0	0	0	0	0	0	0	0.000926649	0.0223199	0.0707031	0.14801	0.229277	0.323553	0.432146	0.555208	0.610417	0	0	0	0	0	0	0	0	0	0	0	0	0	0	0	0	0	0	0	0	0	0	0	0	0	0	0	0	0	0	0	0	0	0	0	0	0	0	0	0	0	0	0	0	0	0	0	0	0	0	0	0	0	0	0	0	0	
0	0	0	0	0	0	0	0	0	0	0	0	0	0	0	0	0	0	0	0	0	0.147596	0.254964	0.336552	0.400629	0.452268	0.494756	0.530314	0.560501	0.586437	0.608953	0.628677	0.646091	0.661572	0.67542	0.687875	0.699133	0.709355	0.718672	0.727197	0.735023	0.753243	0.768757	0.78212	0.793746	0.803949	0.812973	0.821006	0.828201	0.83468	0.840542	0.845868	0.850728	0.855177	0.859264	0.86303	0.866509	0.869732	0.872724	0.875507	0.878103	0.882948	0.887315	0.891268	0.894863	0.898145	0.90115	0.903913	0.906459	0.908812	0.910993	0.913018	0.914902	0.91666	0.918302	0.919838	0.921278	0.922631	0.923902	0.925098	0.926225	0.928193	0.930011	0.931694	0.933258	0.934712	0.936068	0.937334	0.938519	0.939629	0.940671	0.94165	0.942572	0.94344	0.944259	0.945032	0.945763	0.946455	0.947109	0.94773	0.948318	0.949324	0.950267	0.95115	0.95198	0.95276	0.953494	0.954186	0.954839	0.955456	0.956039	0.956591	0.957113	0.957608	0.958078	0.958524	
0	10000	560.954	10000	570.798	10000	571.968	10000	576.718	10000	586.556	10000	577.952	10000	572.113	10000	576.475	10000	565.699	10000	573.161	10000	396.227	9097.03	269.088	6391.45	187.293	5386.61	159.42	4744.07	129.971	4010.1	112.182	3665.44	96.632	3321.14	91.0879	3118.71	76.822	2888.84	74.2648	2477.21	60.6565	2100.33	114.52	1572.88	843.951	863.22	1282.46	886.029	1267.38	1436.17	1328.82	1257.93	1249.31	1221.7	1231.2	1151.24	1110.96	964.338	874.681	811.673	784.766	727.379	706.577	691.167	667.054	655.285	645.11	621.147	612.153	614.906	584.149	582.266	576.537	579.2	555.158	553.662	534.562	525.868	521.571	518.298	499.754	492.403	485.168	467.763	461.465	445.366	445.115	445.62	439.168	420.992	418.681	419.45	405.708	402.703	408.135	394.557	383.459	383.593	395.125	383.265	380.845	362.827	356.186	351.465	354.063	345.605	337.154	345.99	332.186	332.751	322.684	325.01	318.783	315.135	
