filename,schedule,dose,gradient,vegf_level,VconcST,Vconc,run,hours,drug_tumour_nM,drug_gut_mgL,drug_blood_mgL,drug_blood_nM,vasc_score,vegfr_inhibition,dll4_average
1170_dose_1.3_gradient_0_VconcST_0.04_Vconc_8_run_0.csv,1170.0,1.3,0,8.0,0.04,8.0,0,0.0,0.0,0.0,0.0,0.0,0.0,0.0,0.0
1170_dose_1.3_gradient_0_VconcST_0.04_Vconc_8_run_0.csv,1170.0,1.3,0,8.0,0.04,8.0,0,0.25,0.0,0.0,0.0,0.0,0.0,0.0,10000.0
1170_dose_1.3_gradient_0_VconcST_0.04_Vconc_8_run_0.csv,1170.0,1.3,0,8.0,0.04,8.0,0,0.5,0.0,0.0,0.0,0.0,0.0,0.0,893.806
1170_dose_1.3_gradient_0_VconcST_0.04_Vconc_8_run_0.csv,1170.0,1.3,0,8.0,0.04,8.0,0,0.75,0.0,0.0,0.0,0.0,0.0,0.0,10000.0
1170_dose_1.3_gradient_0_VconcST_0.04_Vconc_8_run_0.csv,1170.0,1.3,0,8.0,0.04,8.0,0,1.0,0.0,0.0,0.0,0.0,0.0,0.0,899.472
1170_dose_1.3_gradient_0_VconcST_0.04_Vconc_8_run_0.csv,1170.0,1.3,0,8.0,0.04,8.0,0,1.25,0.0,0.0,0.0,0.0,0.0,0.0,10000.0
1170_dose_1.3_gradient_0_VconcST_0.04_Vconc_8_run_0.csv,1170.0,1.3,0,8.0,0.04,8.0,0,1.5,0.0,0.0,0.0,0.0,0.0,0.0,889.17
1170_dose_1.3_gradient_0_VconcST_0.04_Vconc_8_run_0.csv,1170.0,1.3,0,8.0,0.04,8.0,0,1.75,0.0,0.0,0.0,0.0,0.0,0.0,10000.0
1170_dose_1.3_gradient_0_VconcST_0.04_Vconc_8_run_0.csv,1170.0,1.3,0,8.0,0.04,8.0,0,2.0,0.0,0.0,0.0,0.0,0.0,0.0,892.851
1170_dose_1.3_gradient_0_VconcST_0.04_Vconc_8_run_0.csv,1170.0,1.3,0,8.0,0.04,8.0,0,2.25,0.0,0.0,0.0,0.0,0.0,0.0,10000.0
1170_dose_1.3_gradient_0_VconcST_0.04_Vconc_8_run_0.csv,1170.0,1.3,0,8.0,0.04,8.0,0,2.5,0.0,0.0,0.0,0.0,0.0,0.0,881.06
1170_dose_1.3_gradient_0_VconcST_0.04_Vconc_8_run_0.csv,1170.0,1.3,0,8.0,0.04,8.0,0,2.75,0.0,0.0,0.0,0.0,0.0,0.0,10000.0
1170_dose_1.3_gradient_0_VconcST_0.04_Vconc_8_run_0.csv,1170.0,1.3,0,8.0,0.04,8.0,0,3.0,0.0,0.0,0.0,0.0,0.0,0.0,887.731
1170_dose_1.3_gradient_0_VconcST_0.04_Vconc_8_run_0.csv,1170.0,1.3,0,8.0,0.04,8.0,0,3.25,0.0,0.0,0.0,0.0,0.0,0.0,10000.0
1170_dose_1.3_gradient_0_VconcST_0.04_Vconc_8_run_0.csv,1170.0,1.3,0,8.0,0.04,8.0,0,3.5,0.0,0.0,0.0,0.0,0.0,0.0,900.757
1170_dose_1.3_gradient_0_VconcST_0.04_Vconc_8_run_0.csv,1170.0,1.3,0,8.0,0.04,8.0,0,3.75,0.0,0.0,0.0,0.0,0.0,0.0,10000.0
1170_dose_1.3_gradient_0_VconcST_0.04_Vconc_8_run_0.csv,1170.0,1.3,0,8.0,0.04,8.0,0,4.0,0.0,0.0,0.0,0.0,0.0,0.0,908.871
1170_dose_1.3_gradient_0_VconcST_0.04_Vconc_8_run_0.csv,1170.0,1.3,0,8.0,0.04,8.0,0,4.25,0.0,0.0,0.0,0.0,0.0,0.0,10000.0
1170_dose_1.3_gradient_0_VconcST_0.04_Vconc_8_run_0.csv,1170.0,1.3,0,8.0,0.04,8.0,0,4.5,0.0,0.0,0.0,0.0,0.0,0.0,894.562
1170_dose_1.3_gradient_0_VconcST_0.04_Vconc_8_run_0.csv,1170.0,1.3,0,8.0,0.04,8.0,0,4.75,0.0,0.0,0.0,0.0,0.0,0.0,10000.0
1170_dose_1.3_gradient_0_VconcST_0.04_Vconc_8_run_0.csv,1170.0,1.3,0,8.0,0.04,8.0,0,5.0,3.11924,1.28705,0.00121485,3.11924,0.0,0.273996,753.859
1170_dose_1.3_gradient_0_VconcST_0.04_Vconc_8_run_0.csv,1170.0,1.3,0,8.0,0.04,8.0,0,5.25,9.04829,1.26155,0.00352403,9.04829,0.0,0.528041,9781.4
1170_dose_1.3_gradient_0_VconcST_0.04_Vconc_8_run_0.csv,1170.0,1.3,0,8.0,0.04,8.0,0,5.5,14.8371,1.23654,0.0057786,14.8371,0.0,0.648224,275.43
1170_dose_1.3_gradient_0_VconcST_0.04_Vconc_8_run_0.csv,1170.0,1.3,0,8.0,0.04,8.0,0,5.75,20.4886,1.21204,0.00797967,20.4886,0.00601997,0.718265,5545.74
1170_dose_1.3_gradient_0_VconcST_0.04_Vconc_8_run_0.csv,1170.0,1.3,0,8.0,0.04,8.0,0,6.0,26.0055,1.18802,0.0101283,26.0055,0.0,0.764114,144.004
1170_dose_1.3_gradient_0_VconcST_0.04_Vconc_8_run_0.csv,1170.0,1.3,0,8.0,0.04,8.0,0,6.25,31.3906,1.16447,0.0122257,31.3906,0.0,0.796448,3594.88
1170_dose_1.3_gradient_0_VconcST_0.04_Vconc_8_run_0.csv,1170.0,1.3,0,8.0,0.04,8.0,0,6.5,36.6466,1.14139,0.0142727,36.6466,0.0,0.820467,90.6549
1170_dose_1.3_gradient_0_VconcST_0.04_Vconc_8_run_0.csv,1170.0,1.3,0,8.0,0.04,8.0,0,6.75,41.7762,1.11877,0.0162705,41.7762,0.0,0.839007,2749.73
1170_dose_1.3_gradient_0_VconcST_0.04_Vconc_8_run_0.csv,1170.0,1.3,0,8.0,0.04,8.0,0,7.0,46.7819,1.0966,0.0182201,46.7819,0.0,0.853746,64.8748
1170_dose_1.3_gradient_0_VconcST_0.04_Vconc_8_run_0.csv,1170.0,1.3,0,8.0,0.04,8.0,0,7.25,51.6663,1.07486,0.0201224,51.6663,0.0,0.86574,2172.1
1170_dose_1.3_gradient_0_VconcST_0.04_Vconc_8_run_0.csv,1170.0,1.3,0,8.0,0.04,8.0,0,7.5,56.4318,1.05356,0.0219784,56.4318,0.0,0.875686,192.055
1170_dose_1.3_gradient_0_VconcST_0.04_Vconc_8_run_0.csv,1170.0,1.3,0,8.0,0.04,8.0,0,7.75,61.0809,1.03268,0.0237891,61.0809,0.0,0.884065,1570.58
1170_dose_1.3_gradient_0_VconcST_0.04_Vconc_8_run_0.csv,1170.0,1.3,0,8.0,0.04,8.0,0,8.0,65.616,1.01221,0.0255554,65.616,0.0,0.891218,845.035
1170_dose_1.3_gradient_0_VconcST_0.04_Vconc_8_run_0.csv,1170.0,1.3,0,8.0,0.04,8.0,0,8.25,70.0394,0.992153,0.0272782,70.0394,0.0,0.897392,1177.01
1170_dose_1.3_gradient_0_VconcST_0.04_Vconc_8_run_0.csv,1170.0,1.3,0,8.0,0.04,8.0,0,8.5,74.3535,0.97249,0.0289584,74.3535,0.0,0.902774,1256.73
1170_dose_1.3_gradient_0_VconcST_0.04_Vconc_8_run_0.csv,1170.0,1.3,0,8.0,0.04,8.0,0,8.75,78.5604,0.953216,0.0305969,78.5604,0.00921875,0.907505,1304.19
1170_dose_1.3_gradient_0_VconcST_0.04_Vconc_8_run_0.csv,1170.0,1.3,0,8.0,0.04,8.0,0,9.0,82.6625,0.934324,0.0321945,82.6625,0.0495833,0.911695,1314.96
1170_dose_1.3_gradient_0_VconcST_0.04_Vconc_8_run_0.csv,1170.0,1.3,0,8.0,0.04,8.0,0,9.25,86.6617,0.915807,0.0337521,86.6617,0.117702,0.91543,1280.89
1170_dose_1.3_gradient_0_VconcST_0.04_Vconc_8_run_0.csv,1170.0,1.3,0,8.0,0.04,8.0,0,9.5,90.5604,0.897657,0.0352705,90.5604,0.0,0.918779,1048.58
1170_dose_1.3_gradient_0_VconcST_0.04_Vconc_8_run_0.csv,1170.0,1.3,0,8.0,0.04,8.0,0,9.75,94.4617,2.17987,0.0367899,94.4617,0.256953,0.921797,1076.52
1170_dose_1.3_gradient_0_VconcST_0.04_Vconc_8_run_0.csv,1170.0,1.3,0,8.0,0.04,8.0,0,10.0,104.166,2.13666,0.0405692,104.166,0.0,0.928575,935.469
1170_dose_1.3_gradient_0_VconcST_0.04_Vconc_8_run_0.csv,1170.0,1.3,0,8.0,0.04,8.0,0,10.25,113.633,2.09432,0.0442566,113.633,0.0,0.934144,754.285
1170_dose_1.3_gradient_0_VconcST_0.04_Vconc_8_run_0.csv,1170.0,1.3,0,8.0,0.04,8.0,0,10.5,122.869,2.05281,0.0478538,122.869,0.0,0.938799,699.044
1170_dose_1.3_gradient_0_VconcST_0.04_Vconc_8_run_0.csv,1170.0,1.3,0,8.0,0.04,8.0,0,10.75,131.879,2.01213,0.0513628,131.879,0.0,0.942747,658.27
1170_dose_1.3_gradient_0_VconcST_0.04_Vconc_8_run_0.csv,1170.0,1.3,0,8.0,0.04,8.0,0,11.0,140.667,1.97225,0.0547854,140.667,0.0,0.946136,639.378
1170_dose_1.3_gradient_0_VconcST_0.04_Vconc_8_run_0.csv,1170.0,1.3,0,8.0,0.04,8.0,0,11.25,149.237,1.93316,0.0581232,149.237,0.0,0.949076,578.923
1170_dose_1.3_gradient_0_VconcST_0.04_Vconc_8_run_0.csv,1170.0,1.3,0,8.0,0.04,8.0,0,11.5,157.594,1.89485,0.0613781,157.594,0.0,0.951649,594.381
1170_dose_1.3_gradient_0_VconcST_0.04_Vconc_8_run_0.csv,1170.0,1.3,0,8.0,0.04,8.0,0,11.75,165.743,1.85729,0.0645519,165.743,0.0,0.953919,549.764
1170_dose_1.3_gradient_0_VconcST_0.04_Vconc_8_run_0.csv,1170.0,1.3,0,8.0,0.04,8.0,0,12.0,173.688,1.82048,0.067646,173.688,0.0,0.955937,547.367
1170_dose_1.3_gradient_0_VconcST_0.04_Vconc_8_run_0.csv,1170.0,1.3,0,8.0,0.04,8.0,0,12.25,181.432,1.7844,0.0706623,181.432,0.0,0.95774,505.418
1170_dose_1.3_gradient_0_VconcST_0.04_Vconc_8_run_0.csv,1170.0,1.3,0,8.0,0.04,8.0,0,12.5,188.981,1.74904,0.0736022,188.981,0.0,0.959361,484.412
1170_dose_1.3_gradient_0_VconcST_0.04_Vconc_8_run_0.csv,1170.0,1.3,0,8.0,0.04,8.0,0,12.75,196.338,1.71438,0.0764675,196.338,0.0,0.960826,469.963
1170_dose_1.3_gradient_0_VconcST_0.04_Vconc_8_run_0.csv,1170.0,1.3,0,8.0,0.04,8.0,0,13.0,203.507,1.6804,0.0792595,203.507,0.0,0.962155,472.479
1170_dose_1.3_gradient_0_VconcST_0.04_Vconc_8_run_0.csv,1170.0,1.3,0,8.0,0.04,8.0,0,13.25,210.491,1.6471,0.0819799,210.491,0.0,0.963366,450.549
1170_dose_1.3_gradient_0_VconcST_0.04_Vconc_8_run_0.csv,1170.0,1.3,0,8.0,0.04,8.0,0,13.5,217.296,1.61445,0.0846301,217.296,0.0,0.964473,439.668
1170_dose_1.3_gradient_0_VconcST_0.04_Vconc_8_run_0.csv,1170.0,1.3,0,8.0,0.04,8.0,0,13.75,223.924,1.58245,0.0872115,223.924,0.0,0.96549,416.362
1170_dose_1.3_gradient_0_VconcST_0.04_Vconc_8_run_0.csv,1170.0,1.3,0,8.0,0.04,8.0,0,14.0,230.38,1.55109,0.0897257,230.38,0.0,0.966425,415.593
1170_dose_1.3_gradient_0_VconcST_0.04_Vconc_8_run_0.csv,1170.0,1.3,0,8.0,0.04,8.0,0,14.25,236.666,1.52035,0.0921739,236.666,0.0,0.967288,410.845
1170_dose_1.3_gradient_0_VconcST_0.04_Vconc_8_run_0.csv,1170.0,1.3,0,8.0,0.04,8.0,0,14.5,242.786,1.49022,0.0945576,242.786,0.0,0.968087,391.009
1170_dose_1.3_gradient_0_VconcST_0.04_Vconc_8_run_0.csv,1170.0,1.3,0,8.0,0.04,8.0,0,14.75,251.863,2.74774,0.0980929,251.863,0.0,0.969191,384.612
1170_dose_1.3_gradient_0_VconcST_0.04_Vconc_8_run_0.csv,1170.0,1.3,0,8.0,0.04,8.0,0,15.0,263.591,2.69328,0.102661,263.591,0.0,0.970523,369.959
1170_dose_1.3_gradient_0_VconcST_0.04_Vconc_8_run_0.csv,1170.0,1.3,0,8.0,0.04,8.0,0,15.25,275.024,2.6399,0.107113,275.024,0.0,0.971715,356.606
1170_dose_1.3_gradient_0_VconcST_0.04_Vconc_8_run_0.csv,1170.0,1.3,0,8.0,0.04,8.0,0,15.5,286.166,2.58758,0.111453,286.166,0.0,0.972787,339.67
1170_dose_1.3_gradient_0_VconcST_0.04_Vconc_8_run_0.csv,1170.0,1.3,0,8.0,0.04,8.0,0,15.75,297.025,2.5363,0.115682,297.025,0.0,0.973757,331.059
1170_dose_1.3_gradient_0_VconcST_0.04_Vconc_8_run_0.csv,1170.0,1.3,0,8.0,0.04,8.0,0,16.0,307.606,2.48603,0.119803,307.606,0.0,0.974638,326.854
1170_dose_1.3_gradient_0_VconcST_0.04_Vconc_8_run_0.csv,1170.0,1.3,0,8.0,0.04,8.0,0,16.25,317.915,2.43676,0.123818,317.915,0.0,0.975441,312.326
1170_dose_1.3_gradient_0_VconcST_0.04_Vconc_8_run_0.csv,1170.0,1.3,0,8.0,0.04,8.0,0,16.5,327.957,2.38847,0.127729,327.957,0.0,0.976176,304.595
1170_dose_1.3_gradient_0_VconcST_0.04_Vconc_8_run_0.csv,1170.0,1.3,0,8.0,0.04,8.0,0,16.75,337.738,2.34113,0.131539,337.738,0.0,0.97685,289.258
1170_dose_1.3_gradient_0_VconcST_0.04_Vconc_8_run_0.csv,1170.0,1.3,0,8.0,0.04,8.0,0,17.0,347.264,2.29473,0.135249,347.264,0.0,0.977472,285.255
1170_dose_1.3_gradient_0_VconcST_0.04_Vconc_8_run_0.csv,1170.0,1.3,0,8.0,0.04,8.0,0,17.25,356.54,2.24926,0.138861,356.54,0.0,0.978045,283.032
1170_dose_1.3_gradient_0_VconcST_0.04_Vconc_8_run_0.csv,1170.0,1.3,0,8.0,0.04,8.0,0,17.5,365.57,2.20468,0.142378,365.57,0.0,0.978576,269.461
1170_dose_1.3_gradient_0_VconcST_0.04_Vconc_8_run_0.csv,1170.0,1.3,0,8.0,0.04,8.0,0,17.75,374.36,2.16098,0.145802,374.36,0.0,0.979069,267.49
1170_dose_1.3_gradient_0_VconcST_0.04_Vconc_8_run_0.csv,1170.0,1.3,0,8.0,0.04,8.0,0,18.0,382.915,2.11816,0.149134,382.915,0.0,0.979528,261.734
1170_dose_1.3_gradient_0_VconcST_0.04_Vconc_8_run_0.csv,1170.0,1.3,0,8.0,0.04,8.0,0,18.25,391.241,2.07618,0.152376,391.241,0.0,0.979955,253.875
1170_dose_1.3_gradient_0_VconcST_0.04_Vconc_8_run_0.csv,1170.0,1.3,0,8.0,0.04,8.0,0,18.5,399.34,2.03503,0.155531,399.34,0.0,0.980354,251.825
1170_dose_1.3_gradient_0_VconcST_0.04_Vconc_8_run_0.csv,1170.0,1.3,0,8.0,0.04,8.0,0,18.75,407.22,1.9947,0.158599,407.22,0.0,0.980727,247.667
1170_dose_1.3_gradient_0_VconcST_0.04_Vconc_8_run_0.csv,1170.0,1.3,0,8.0,0.04,8.0,0,19.0,414.883,1.95517,0.161584,414.883,0.0,0.981077,240.269
1170_dose_1.3_gradient_0_VconcST_0.04_Vconc_8_run_0.csv,1170.0,1.3,0,8.0,0.04,8.0,0,19.25,422.335,1.91642,0.164486,422.335,0.0,0.981405,235.366
1170_dose_1.3_gradient_0_VconcST_0.04_Vconc_8_run_0.csv,1170.0,1.3,0,8.0,0.04,8.0,0,19.5,429.68,3.17844,0.167347,429.68,0.0,0.981713,228.351
1170_dose_1.3_gradient_0_VconcST_0.04_Vconc_8_run_0.csv,1170.0,1.3,0,8.0,0.04,8.0,0,19.75,442.722,3.11544,0.172427,442.722,0.0,0.982242,229.667
1170_dose_1.3_gradient_0_VconcST_0.04_Vconc_8_run_0.csv,1170.0,1.3,0,8.0,0.04,8.0,0,20.0,455.424,3.0537,0.177373,455.424,0.0,0.982729,224.517
1170_dose_1.3_gradient_0_VconcST_0.04_Vconc_8_run_0.csv,1170.0,1.3,0,8.0,0.04,8.0,0,20.25,467.793,2.99318,0.182191,467.793,0.0,0.983179,221.577
1170_dose_1.3_gradient_0_VconcST_0.04_Vconc_8_run_0.csv,1170.0,1.3,0,8.0,0.04,8.0,0,20.5,479.835,2.93386,0.186881,479.835,0.0,0.983594,212.962
1170_dose_1.3_gradient_0_VconcST_0.04_Vconc_8_run_0.csv,1170.0,1.3,0,8.0,0.04,8.0,0,20.75,491.558,2.87571,0.191447,491.558,0.0,0.98398,207.941
1170_dose_1.3_gradient_0_VconcST_0.04_Vconc_8_run_0.csv,1170.0,1.3,0,8.0,0.04,8.0,0,21.0,502.968,2.81872,0.195891,502.968,0.0,0.984338,205.309
1170_dose_1.3_gradient_0_VconcST_0.04_Vconc_8_run_0.csv,1170.0,1.3,0,8.0,0.04,8.0,0,21.25,514.072,2.76285,0.200215,514.072,0.0,0.984671,194.704
1170_dose_1.3_gradient_0_VconcST_0.04_Vconc_8_run_0.csv,1170.0,1.3,0,8.0,0.04,8.0,0,21.5,524.876,2.7081,0.204423,524.876,0.0,0.984982,197.234
1170_dose_1.3_gradient_0_VconcST_0.04_Vconc_8_run_0.csv,1170.0,1.3,0,8.0,0.04,8.0,0,21.75,535.386,2.65443,0.208516,535.386,0.0,0.985273,190.771
1170_dose_1.3_gradient_0_VconcST_0.04_Vconc_8_run_0.csv,1170.0,1.3,0,8.0,0.04,8.0,0,22.0,545.608,2.60182,0.212497,545.608,0.0,0.985545,189.636
1170_dose_1.3_gradient_0_VconcST_0.04_Vconc_8_run_0.csv,1170.0,1.3,0,8.0,0.04,8.0,0,22.25,555.549,2.55025,0.216369,555.549,0.0,0.9858,183.541
1170_dose_1.3_gradient_0_VconcST_0.04_Vconc_8_run_0.csv,1170.0,1.3,0,8.0,0.04,8.0,0,22.5,565.214,2.49971,0.220133,565.214,0.0,0.98604,182.035
1170_dose_1.3_gradient_0_VconcST_0.04_Vconc_8_run_0.csv,1170.0,1.3,0,8.0,0.04,8.0,0,22.75,574.609,2.45017,0.223792,574.609,0.0,0.986265,179.458
1170_dose_1.3_gradient_0_VconcST_0.04_Vconc_8_run_0.csv,1170.0,1.3,0,8.0,0.04,8.0,0,23.0,583.74,2.40161,0.227349,583.74,0.0,0.986477,177.967
1170_dose_1.3_gradient_0_VconcST_0.04_Vconc_8_run_0.csv,1170.0,1.3,0,8.0,0.04,8.0,0,23.25,592.612,2.35401,0.230804,592.612,0.0,0.986677,172.897
1170_dose_1.3_gradient_0_VconcST_0.04_Vconc_8_run_0.csv,1170.0,1.3,0,8.0,0.04,8.0,0,23.5,601.231,2.30736,0.234161,601.231,0.0,0.986866,169.264
1170_dose_1.3_gradient_0_VconcST_0.04_Vconc_8_run_0.csv,1170.0,1.3,0,8.0,0.04,8.0,0,23.75,609.601,2.26163,0.237421,609.601,0.0,0.987044,168.323
1170_dose_1.3_gradient_0_VconcST_0.04_Vconc_8_run_0.csv,1170.0,1.3,0,8.0,0.04,8.0,0,24.0,617.729,2.21681,0.240586,617.729,0.0,0.987212,166.583
1170_dose_1.3_gradient_0_VconcST_0.04_Vconc_8_run_0.csv,1170.0,1.3,0,8.0,0.04,8.0,0,24.25,625.619,2.17287,0.243659,625.619,0.0,0.987372,161.168
1170_dose_1.3_gradient_0_VconcST_0.04_Vconc_8_run_0.csv,1170.0,1.3,0,8.0,0.04,8.0,0,24.5,636.396,3.41686,0.247857,636.396,0.0,0.987581,159.188
1170_dose_1.3_gradient_0_VconcST_0.04_Vconc_8_run_0.csv,1170.0,1.3,0,8.0,0.04,8.0,0,24.75,649.755,3.34914,0.253059,649.755,0.0,0.987833,159.574
1170_dose_1.3_gradient_0_VconcST_0.04_Vconc_8_run_0.csv,1170.0,1.3,0,8.0,0.04,8.0,0,25.0,662.75,3.28277,0.258121,662.75,0.0,0.988069,153.377
1170_dose_1.3_gradient_0_VconcST_0.04_Vconc_8_run_0.csv,1170.0,1.3,0,8.0,0.04,8.0,0,25.25,675.39,3.21771,0.263043,675.39,0.0,0.98829,150.782
1170_dose_1.3_gradient_0_VconcST_0.04_Vconc_8_run_0.csv,1170.0,1.3,0,8.0,0.04,8.0,0,25.5,687.681,3.15394,0.267831,687.681,0.0,0.988497,150.383
1170_dose_1.3_gradient_0_VconcST_0.04_Vconc_8_run_0.csv,1170.0,1.3,0,8.0,0.04,8.0,0,25.75,699.632,3.09143,0.272485,699.632,0.0,0.988692,144.584
1170_dose_1.3_gradient_0_VconcST_0.04_Vconc_8_run_0.csv,1170.0,1.3,0,8.0,0.04,8.0,0,26.0,711.249,3.03016,0.277009,711.249,0.0,0.988874,146.933
1170_dose_1.3_gradient_0_VconcST_0.04_Vconc_8_run_0.csv,1170.0,1.3,0,8.0,0.04,8.0,0,26.25,722.538,2.97011,0.281406,722.538,0.0,0.989046,144.208
1170_dose_1.3_gradient_0_VconcST_0.04_Vconc_8_run_0.csv,1170.0,1.3,0,8.0,0.04,8.0,0,26.5,733.507,2.91124,0.285678,733.507,0.0,0.989209,139.049
1170_dose_1.3_gradient_0_VconcST_0.04_Vconc_8_run_0.csv,1170.0,1.3,0,8.0,0.04,8.0,0,26.75,744.164,2.85354,0.289829,744.164,0.0,0.989362,139.149
1170_dose_1.3_gradient_0_VconcST_0.04_Vconc_8_run_0.csv,1170.0,1.3,0,8.0,0.04,8.0,0,27.0,754.514,2.79699,0.29386,754.514,0.0,0.989506,136.671
1170_dose_1.3_gradient_0_VconcST_0.04_Vconc_8_run_0.csv,1170.0,1.3,0,8.0,0.04,8.0,0,27.25,764.564,2.74156,0.297774,764.564,0.0,0.989643,136.013
1170_dose_1.3_gradient_0_VconcST_0.04_Vconc_8_run_0.csv,1170.0,1.3,0,8.0,0.04,8.0,0,27.5,774.319,2.68722,0.301573,774.319,0.0,0.989772,132.178
1170_dose_1.3_gradient_0_VconcST_0.04_Vconc_8_run_0.csv,1170.0,1.3,0,8.0,0.04,8.0,0,27.75,783.787,2.63397,0.305261,783.787,0.0,0.989894,131.273
1170_dose_1.3_gradient_0_VconcST_0.04_Vconc_8_run_0.csv,1170.0,1.3,0,8.0,0.04,8.0,0,28.0,792.973,2.58176,0.308838,792.973,0.0,0.99001,130.772
1170_dose_1.3_gradient_0_VconcST_0.04_Vconc_8_run_0.csv,1170.0,1.3,0,8.0,0.04,8.0,0,28.25,801.883,2.5306,0.312309,801.883,0.0,0.99012,130.029
1170_dose_1.3_gradient_0_VconcST_0.04_Vconc_8_run_0.csv,1170.0,1.3,0,8.0,0.04,8.0,0,28.5,810.523,2.48044,0.315674,810.523,0.0,0.990225,126.301
1170_dose_1.3_gradient_0_VconcST_0.04_Vconc_8_run_0.csv,1170.0,1.3,0,8.0,0.04,8.0,0,28.75,818.899,2.43128,0.318936,818.899,0.0,0.990324,125.691
1170_dose_1.3_gradient_0_VconcST_0.04_Vconc_8_run_0.csv,1170.0,1.3,0,8.0,0.04,8.0,0,29.0,827.017,2.3831,0.322097,827.017,0.0,0.990418,124.229
1170_dose_1.3_gradient_0_VconcST_0.04_Vconc_8_run_0.csv,1170.0,1.3,0,8.0,0.04,8.0,0,29.25,834.982,3.63587,0.3252,834.982,0.0,0.990507,123.488
1170_dose_1.3_gradient_0_VconcST_0.04_Vconc_8_run_0.csv,1170.0,1.3,0,8.0,0.04,8.0,0,29.5,848.599,3.56381,0.330503,848.599,0.0,0.990658,120.935
1170_dose_1.3_gradient_0_VconcST_0.04_Vconc_8_run_0.csv,1170.0,1.3,0,8.0,0.04,8.0,0,29.75,861.831,3.49318,0.335656,861.831,0.0,0.9908,119.451
1170_dose_1.3_gradient_0_VconcST_0.04_Vconc_8_run_0.csv,1170.0,1.3,0,8.0,0.04,8.0,0,30.0,874.687,3.42395,0.340664,874.687,0.0,0.990935,118.136
1170_dose_1.3_gradient_0_VconcST_0.04_Vconc_8_run_0.csv,1170.0,1.3,0,8.0,0.04,8.0,0,30.25,887.175,3.35609,0.345527,887.175,0.0,0.991061,115.71
1170_dose_1.3_gradient_0_VconcST_0.04_Vconc_8_run_0.csv,1170.0,1.3,0,8.0,0.04,8.0,0,30.5,899.302,3.28957,0.35025,899.302,0.0,0.991181,114.559
1170_dose_1.3_gradient_0_VconcST_0.04_Vconc_8_run_0.csv,1170.0,1.3,0,8.0,0.04,8.0,0,30.75,911.077,3.22438,0.354836,911.077,0.0,0.991294,114.441
1170_dose_1.3_gradient_0_VconcST_0.04_Vconc_8_run_0.csv,1170.0,1.3,0,8.0,0.04,8.0,0,31.0,922.505,3.16047,0.359287,922.505,0.0,0.991401,111.105
1170_dose_1.3_gradient_0_VconcST_0.04_Vconc_8_run_0.csv,1170.0,1.3,0,8.0,0.04,8.0,0,31.25,933.596,3.09784,0.363607,933.596,0.0,0.991502,111.78
1170_dose_1.3_gradient_0_VconcST_0.04_Vconc_8_run_0.csv,1170.0,1.3,0,8.0,0.04,8.0,0,31.5,944.355,3.03644,0.367797,944.355,0.0,0.991598,109.732
1170_dose_1.3_gradient_0_VconcST_0.04_Vconc_8_run_0.csv,1170.0,1.3,0,8.0,0.04,8.0,0,31.75,954.79,2.97626,0.371861,954.79,0.0,0.991689,108.246
1170_dose_1.3_gradient_0_VconcST_0.04_Vconc_8_run_0.csv,1170.0,1.3,0,8.0,0.04,8.0,0,32.0,964.906,2.91728,0.375801,964.906,0.0,0.991776,105.373
1170_dose_1.3_gradient_0_VconcST_0.04_Vconc_8_run_0.csv,1170.0,1.3,0,8.0,0.04,8.0,0,32.25,974.714,2.85946,0.379621,974.714,0.0,0.991858,107.896
1170_dose_1.3_gradient_0_VconcST_0.04_Vconc_8_run_0.csv,1170.0,1.3,0,8.0,0.04,8.0,0,32.5,984.217,2.80279,0.383322,984.217,0.0,0.991936,104.807
1170_dose_1.3_gradient_0_VconcST_0.04_Vconc_8_run_0.csv,1170.0,1.3,0,8.0,0.04,8.0,0,32.75,993.422,2.74724,0.386907,993.422,0.0,0.99201,103.735
1170_dose_1.3_gradient_0_VconcST_0.04_Vconc_8_run_0.csv,1170.0,1.3,0,8.0,0.04,8.0,0,33.0,1002.34,2.69279,0.390379,1002.34,0.0,0.992081,103.496
1170_dose_1.3_gradient_0_VconcST_0.04_Vconc_8_run_0.csv,1170.0,1.3,0,8.0,0.04,8.0,0,33.25,1010.97,2.63943,0.39374,1010.97,0.0,0.992148,101.843
1170_dose_1.3_gradient_0_VconcST_0.04_Vconc_8_run_0.csv,1170.0,1.3,0,8.0,0.04,8.0,0,33.5,1019.31,2.58712,0.396992,1019.31,0.0,0.992212,100.951
1170_dose_1.3_gradient_0_VconcST_0.04_Vconc_8_run_0.csv,1170.0,1.3,0,8.0,0.04,8.0,0,33.75,1027.39,2.53584,0.400137,1027.39,0.0,0.992272,99.0941
1170_dose_1.3_gradient_0_VconcST_0.04_Vconc_8_run_0.csv,1170.0,1.3,0,8.0,0.04,8.0,0,34.0,1035.2,2.48558,0.403179,1035.2,0.0,0.99233,98.9252
1170_dose_1.3_gradient_0_VconcST_0.04_Vconc_8_run_0.csv,1170.0,1.3,0,8.0,0.04,8.0,0,34.25,1045.87,3.72338,0.407333,1045.87,0.0,0.992407,98.1268
1170_dose_1.3_gradient_0_VconcST_0.04_Vconc_8_run_0.csv,1170.0,1.3,0,8.0,0.04,8.0,0,34.5,1059.09,3.64958,0.412482,1059.09,0.0,0.992501,98.6258
1170_dose_1.3_gradient_0_VconcST_0.04_Vconc_8_run_0.csv,1170.0,1.3,0,8.0,0.04,8.0,0,34.75,1071.92,3.57725,0.417479,1071.92,0.0,0.992591,96.1047
1170_dose_1.3_gradient_0_VconcST_0.04_Vconc_8_run_0.csv,1170.0,1.3,0,8.0,0.04,8.0,0,35.0,1084.37,3.50636,0.422327,1084.37,0.0,0.992675,95.6957
1170_dose_1.3_gradient_0_VconcST_0.04_Vconc_8_run_0.csv,1170.0,1.3,0,8.0,0.04,8.0,0,35.25,1096.44,3.43686,0.427029,1096.44,0.0,0.992755,93.4422
1170_dose_1.3_gradient_0_VconcST_0.04_Vconc_8_run_0.csv,1170.0,1.3,0,8.0,0.04,8.0,0,35.5,1108.15,3.36875,0.431589,1108.15,0.0,0.992831,93.7498
1170_dose_1.3_gradient_0_VconcST_0.04_Vconc_8_run_0.csv,1170.0,1.3,0,8.0,0.04,8.0,0,35.75,1119.49,3.30199,0.436008,1119.49,0.0,0.992903,93.1414
1170_dose_1.3_gradient_0_VconcST_0.04_Vconc_8_run_0.csv,1170.0,1.3,0,8.0,0.04,8.0,0,36.0,1130.49,3.23654,0.440291,1130.49,0.0,0.992972,91.6255
1170_dose_1.3_gradient_0_VconcST_0.04_Vconc_8_run_0.csv,1170.0,1.3,0,8.0,0.04,8.0,0,36.25,1141.14,3.1724,0.44444,1141.14,0.0,0.993037,89.8618
1170_dose_1.3_gradient_0_VconcST_0.04_Vconc_8_run_0.csv,1170.0,1.3,0,8.0,0.04,8.0,0,36.5,1151.46,3.10953,0.448458,1151.46,0.0,0.993099,90.5763
1170_dose_1.3_gradient_0_VconcST_0.04_Vconc_8_run_0.csv,1170.0,1.3,0,8.0,0.04,8.0,0,36.75,1161.45,3.0479,0.452348,1161.45,0.0,0.993158,88.2569
1170_dose_1.3_gradient_0_VconcST_0.04_Vconc_8_run_0.csv,1170.0,1.3,0,8.0,0.04,8.0,0,37.0,1171.11,2.98749,0.456112,1171.11,0.0,0.993214,89.2283
1170_dose_1.3_gradient_0_VconcST_0.04_Vconc_8_run_0.csv,1170.0,1.3,0,8.0,0.04,8.0,0,37.25,1180.46,2.92829,0.459753,1180.46,0.0,0.993268,88.1686
1170_dose_1.3_gradient_0_VconcST_0.04_Vconc_8_run_0.csv,1170.0,1.3,0,8.0,0.04,8.0,0,37.5,1189.5,2.87025,0.463274,1189.5,0.0,0.993319,86.955
1170_dose_1.3_gradient_0_VconcST_0.04_Vconc_8_run_0.csv,1170.0,1.3,0,8.0,0.04,8.0,0,37.75,1198.24,2.81337,0.466678,1198.24,0.0,0.993367,86.3565
1170_dose_1.3_gradient_0_VconcST_0.04_Vconc_8_run_0.csv,1170.0,1.3,0,8.0,0.04,8.0,0,38.0,1206.68,2.75761,0.469966,1206.68,0.0,0.993413,86.2211
1170_dose_1.3_gradient_0_VconcST_0.04_Vconc_8_run_0.csv,1170.0,1.3,0,8.0,0.04,8.0,0,38.25,1214.84,2.70295,0.473141,1214.84,0.0,0.993457,84.7309
1170_dose_1.3_gradient_0_VconcST_0.04_Vconc_8_run_0.csv,1170.0,1.3,0,8.0,0.04,8.0,0,38.5,1222.71,2.64939,0.476206,1222.71,0.0,0.993499,84.0996
1170_dose_1.3_gradient_0_VconcST_0.04_Vconc_8_run_0.csv,1170.0,1.3,0,8.0,0.04,8.0,0,38.75,1230.3,2.59688,0.479163,1230.3,0.0,0.993539,82.867
1170_dose_1.3_gradient_0_VconcST_0.04_Vconc_8_run_0.csv,1170.0,1.3,0,8.0,0.04,8.0,0,39.0,1237.72,3.84541,0.482054,1237.72,0.0,0.993577,84.5016
1170_dose_1.3_gradient_0_VconcST_0.04_Vconc_8_run_0.csv,1170.0,1.3,0,8.0,0.04,8.0,0,39.25,1250.78,3.7692,0.48714,1250.78,0.0,0.993644,82.6089
1170_dose_1.3_gradient_0_VconcST_0.04_Vconc_8_run_0.csv,1170.0,1.3,0,8.0,0.04,8.0,0,39.5,1263.43,3.6945,0.492068,1263.43,0.0,0.993707,81.9032
1170_dose_1.3_gradient_0_VconcST_0.04_Vconc_8_run_0.csv,1170.0,1.3,0,8.0,0.04,8.0,0,39.75,1275.7,3.62128,0.496844,1275.7,0.0,0.993767,81.0892
1170_dose_1.3_gradient_0_VconcST_0.04_Vconc_8_run_0.csv,1170.0,1.3,0,8.0,0.04,8.0,0,40.0,1287.58,3.54951,0.501471,1287.58,0.0,0.993824,81.0182
1170_dose_1.3_gradient_0_VconcST_0.04_Vconc_8_run_0.csv,1170.0,1.3,0,8.0,0.04,8.0,0,40.25,1299.08,3.47916,0.50595,1299.08,0.0,0.993879,80.0517
1170_dose_1.3_gradient_0_VconcST_0.04_Vconc_8_run_0.csv,1170.0,1.3,0,8.0,0.04,8.0,0,40.5,1310.21,3.41021,0.510286,1310.21,0.0,0.99393,78.5657
1170_dose_1.3_gradient_0_VconcST_0.04_Vconc_8_run_0.csv,1170.0,1.3,0,8.0,0.04,8.0,0,40.75,1320.98,3.34262,0.514482,1320.98,0.0,0.99398,77.8357
1170_dose_1.3_gradient_0_VconcST_0.04_Vconc_8_run_0.csv,1170.0,1.3,0,8.0,0.04,8.0,0,41.0,1331.4,3.27637,0.51854,1331.4,0.0,0.994026,76.0764
1170_dose_1.3_gradient_0_VconcST_0.04_Vconc_8_run_0.csv,1170.0,1.3,0,8.0,0.04,8.0,0,41.25,1341.48,3.21144,0.522464,1341.48,0.0,0.994071,78.367
1170_dose_1.3_gradient_0_VconcST_0.04_Vconc_8_run_0.csv,1170.0,1.3,0,8.0,0.04,8.0,0,41.5,1351.22,3.14779,0.526256,1351.22,0.0,0.994114,75.3884
