1200	8	0	0.04	4	1	0

0	0.25	0.5	0.75	1	1.25	1.5	1.75	2	2.25	2.5	2.75	3	3.25	3.5	3.75	4	4.25	4.5	4.75	5	5.25	5.5	5.75	6	6.25	6.5	6.75	7	7.25	7.5	7.75	8	8.25	8.5	8.75	9	9.25	9.5	9.75	10	10.25	10.5	10.75	11	11.25	11.5	11.75	12	12.25	12.5	12.75	13	13.25	13.5	13.75	14	14.25	14.5	14.75	15	15.25	15.5	15.75	16	16.25	16.5	16.75	17	17.25	17.5	17.75	18	18.25	18.5	18.75	19	19.25	19.5	19.75	20	20.25	20.5	20.75	21	21.25	21.5	21.75	22	22.25	22.5	22.75	23	23.25	23.5	23.75	24	24.25	24.5	24.75	25	25.25	25.5	25.75	26	26.25	26.5	26.75	27	27.25	27.5	27.75	28	28.25	28.5	28.75	
0	0	0	0	0	0	0	0	0	0	0	0	0	0	0	0	0	0	0	0	0.6229	37.5475	73.6004	108.799	143.161	176.704	209.444	241.397	272.581	303.01	332.7	361.666	389.923	417.486	444.369	470.586	496.151	521.077	545.377	569.063	592.773	652.196	710.172	766.73	821.899	875.707	928.184	979.356	1029.25	1077.89	1125.31	1171.52	1216.56	1260.45	1303.21	1344.87	1385.45	1424.96	1463.44	1500.91	1538	1610.42	1681.01	1749.82	1816.87	1882.21	1945.88	2007.89	2068.3	2127.13	2184.41	2240.19	2294.48	2347.32	2398.74	2448.77	2497.44	2544.78	2590.81	2635.56	2679.69	2758.89	2836.02	2911.12	2984.23	3055.4	3124.67	3192.07	3257.64	3321.43	3383.46	3443.78	3502.43	3559.42	3614.81	3668.63	3720.9	3771.66	3820.95	3868.78	3915.83	3997.78	4077.51	4155.06	4230.47	4303.78	4375.05	4444.31	4511.61	4576.98	4640.47	4702.12	4761.96	4820.04	4876.39	4931.05	
0	0	0	0	0	0	0	0	0	0	0	0	0	0	0	0	0	0	0	0	8	7.84145	7.68604	7.53371	7.3844	7.23805	7.0946	6.954	6.81618	6.68109	6.54868	6.41889	6.29168	6.16698	6.04476	5.92496	5.80754	5.69244	5.57962	5.46904	13.3606	13.0959	12.8363	12.5819	12.3326	12.0881	11.8486	11.6137	11.3836	11.158	10.9368	10.7201	10.5076	10.2994	10.0952	9.89516	9.69905	9.50683	9.31841	9.13373	16.9527	16.6167	16.2874	15.9646	15.6482	15.3381	15.0341	14.7361	14.4441	14.1578	13.8772	13.6022	13.3326	13.0684	12.8094	12.5555	12.3067	12.0628	11.8237	11.5894	19.3597	18.976	18.5999	18.2313	17.87	17.5158	17.1686	16.8284	16.4948	16.1679	15.8475	15.5334	15.2256	14.9238	14.628	14.3381	14.054	13.7754	13.5024	13.2348	20.9725	20.5569	20.1495	19.7501	19.3587	18.975	18.599	18.2304	17.869	17.5149	17.1678	16.8275	16.494	16.1671	15.8467	15.5326	
0	0	0	0	0	0	0	0	0	0	0	0	0	0	0	0	0	0	0	0	0.0002426	0.0146236	0.0286651	0.0423739	0.0557568	0.0688207	0.0815718	0.0940168	0.106162	0.118013	0.129576	0.140858	0.151863	0.162598	0.173068	0.183279	0.193236	0.202943	0.212407	0.221633	0.230867	0.25401	0.27659	0.298617	0.320104	0.341061	0.361499	0.381429	0.400861	0.419805	0.438273	0.456272	0.473814	0.490908	0.507562	0.523786	0.539589	0.554979	0.569965	0.584556	0.599002	0.627208	0.654702	0.6815	0.707616	0.733064	0.757859	0.782012	0.805538	0.828451	0.850761	0.872483	0.893628	0.914208	0.934235	0.95372	0.972675	0.991111	1.00904	1.02647	1.04365	1.0745	1.10454	1.13379	1.16227	1.18998	1.21696	1.24321	1.26875	1.29359	1.31775	1.34125	1.36409	1.38629	1.40786	1.42882	1.44918	1.46895	1.48814	1.50677	1.52509	1.55701	1.58807	1.61827	1.64764	1.67619	1.70395	1.73092	1.75713	1.78259	1.80732	1.83133	1.85464	1.87726	1.8992	1.92049	
0	0	0	0	0	0	0	0	0	0	0	0	0	0	0	0	0	0	0	0	0.6229	37.5475	73.6004	108.799	143.161	176.704	209.444	241.397	272.581	303.01	332.7	361.666	389.923	417.486	444.369	470.586	496.151	521.077	545.377	569.063	592.773	652.196	710.172	766.73	821.899	875.707	928.184	979.356	1029.25	1077.89	1125.31	1171.52	1216.56	1260.45	1303.21	1344.87	1385.45	1424.96	1463.44	1500.91	1538	1610.42	1681.01	1749.82	1816.87	1882.21	1945.88	2007.89	2068.3	2127.13	2184.41	2240.19	2294.48	2347.32	2398.74	2448.77	2497.44	2544.78	2590.81	2635.56	2679.69	2758.89	2836.02	2911.12	2984.23	3055.4	3124.67	3192.07	3257.64	3321.43	3383.46	3443.78	3502.43	3559.42	3614.81	3668.63	3720.9	3771.66	3820.95	3868.78	3915.83	3997.78	4077.51	4155.06	4230.47	4303.78	4375.05	4444.31	4511.61	4576.98	4640.47	4702.12	4761.96	4820.04	4876.39	4931.05	
0	0	0	0	0	0	0	0	0	0	0	0	0	0	0	0	0	0	0	0	0	0	0	0	0	0	0	0	0	0	0	0	0	0	0	0	0	0	0	0	0	0	0	0	0	0	0	0	0	0	0	0	0	0	0	0	0	0	0	0	0	0	0	0	0	0	0	0	0	0	0	0	0	0	0	0	0	0	0	0	0	0	0	0	0	0	0	0	0	0	0	0	0	0	0	0	0	0	0	0	0	0	0	0	0	0	0	0	0	0	0	0	0	0	0	0	
0	0	0	0	0	0	0	0	0	0	0	0	0	0	0	0	0	0	0	0	0	0.821982	0.901243	0.931165	0.946877	0.956557	0.963117	0.967855	0.971435	0.974236	0.976485	0.978331	0.979872	0.981178	0.982298	0.983269	0.984118	0.984868	0.985533	0.986127	0.986662	0.987864	0.988846	0.989661	0.99035	0.990938	0.991447	0.991891	0.992281	0.992627	0.992936	0.993213	0.993463	0.99369	0.993896	0.994084	0.994256	0.994415	0.994561	0.994696	0.994821	0.995053	0.99526	0.995446	0.995613	0.995765	0.995903	0.996029	0.996145	0.996251	0.99635	0.99644	0.996524	0.996602	0.996675	0.996743	0.996806	0.996865	0.996921	0.996973	0.997022	0.997107	0.997186	0.997258	0.997325	0.997388	0.997445	0.997499	0.997549	0.997596	0.99764	0.997682	0.99772	0.997757	0.997791	0.997824	0.997854	0.997883	0.99791	0.997936	0.99796	0.998002	0.998041	0.998078	0.998112	0.998144	0.998174	0.998203	0.99823	0.998255	0.998279	0.998301	0.998322	0.998343	0.998362	0.99838	
0	10000	443.814	10000	448.666	10000	462.947	10000	461.562	10000	439.493	10000	448.836	10000	430.726	10000	450.578	10000	466.564	9905.3	461.113	1645.36	521.971	425.212	338.752	278.173	244.447	214.664	185.999	168.986	154.685	142.108	133.367	125.702	115.549	110.82	105.079	99.2749	95.163	88.8943	87.1413	80.7185	73.4385	67.4995	63.3841	59.9867	56.3224	53.1613	50.5602	47.8697	45.8839	43.8567	42.8561	41.2821	39.3722	38.3854	37.3887	36.2725	35.2629	34.3502	33.1465	32.1231	30.5985	29.3756	28.5128	27.3698	26.4806	25.7037	24.8974	24.0504	23.3715	23.0018	22.2196	21.8302	21.371	20.9631	20.5929	20.2112	19.7708	19.4635	19.1269	18.7007	18.0464	17.5753	17.1897	16.767	16.3923	15.9286	15.7336	15.4029	15.1218	14.8621	14.6187	14.3925	14.2467	14.0275	13.7377	13.5241	13.3475	13.2176	13.0238	12.8381	12.5527	12.2649	12.0887	11.9327	11.7016	11.5358	11.3792	11.0576	10.9808	10.8647	10.6542	10.5039	10.4205	10.3929	
