1200	0.8	0	0.04	8	1	0

0	0.25	0.5	0.75	1	1.25	1.5	1.75	2	2.25	2.5	2.75	3	3.25	3.5	3.75	4	4.25	4.5	4.75	5	5.25	5.5	5.75	6	6.25	6.5	6.75	7	7.25	7.5	7.75	8	8.25	8.5	8.75	9	9.25	9.5	9.75	10	10.25	10.5	10.75	11	11.25	11.5	11.75	12	12.25	12.5	12.75	13	13.25	13.5	13.75	14	14.25	14.5	14.75	15	15.25	15.5	15.75	16	16.25	16.5	16.75	17	17.25	17.5	17.75	18	18.25	18.5	18.75	19	19.25	19.5	19.75	20	20.25	20.5	20.75	21	21.25	21.5	21.75	22	22.25	22.5	22.75	23	23.25	23.5	23.75	24	24.25	24.5	24.75	25	25.25	25.5	25.75	26	26.25	26.5	26.75	27	27.25	27.5	27.75	28	28.25	28.5	28.75	
0	0	0	0	0	0	0	0	0	0	0	0	0	0	0	0	0	0	0	0	0.06229	3.75475	7.36003	10.8799	14.3161	17.6704	20.9444	24.1397	27.2581	30.301	33.27	36.1666	38.9924	41.7487	44.437	47.0587	49.6151	52.1077	54.5376	56.9064	59.2773	65.2197	71.0172	76.673	82.1899	87.5708	92.8185	97.9357	102.925	107.789	112.531	117.153	121.657	126.045	130.322	134.487	138.545	142.496	146.344	150.091	153.8	161.042	168.101	174.982	181.687	188.221	194.588	200.789	206.83	212.713	218.441	224.018	229.448	234.732	239.874	244.877	249.744	254.478	259.081	263.556	267.968	275.889	283.602	291.112	298.423	305.54	312.467	319.207	325.764	332.143	338.346	344.378	350.242	355.942	361.481	366.863	372.09	377.166	382.095	386.878	391.582	399.778	407.751	415.506	423.047	430.378	437.505	444.431	451.161	457.698	464.047	470.212	476.197	482.004	487.639	493.105	
0	0	0	0	0	0	0	0	0	0	0	0	0	0	0	0	0	0	0	0	0.8	0.784145	0.768604	0.753371	0.73844	0.723805	0.70946	0.6954	0.681618	0.668109	0.654868	0.641889	0.629167	0.616698	0.604476	0.592496	0.580753	0.569243	0.557961	0.546903	1.33606	1.30959	1.28363	1.25819	1.23325	1.20881	1.18486	1.16137	1.13836	1.1158	1.09368	1.07201	1.05076	1.02993	1.00952	0.989515	0.969904	0.950681	0.93184	0.913372	1.69527	1.66167	1.62874	1.59646	1.56482	1.53381	1.50341	1.47361	1.44441	1.41578	1.38772	1.36022	1.33326	1.30684	1.28094	1.25555	1.23067	1.20628	1.18237	1.15894	1.93597	1.8976	1.85999	1.82313	1.78699	1.75158	1.71686	1.68284	1.64949	1.6168	1.58475	1.55334	1.52256	1.49238	1.46281	1.43381	1.4054	1.37754	1.35024	1.32348	2.09725	2.05569	2.01495	1.97501	1.93587	1.8975	1.8599	1.82304	1.78691	1.75149	1.71678	1.68275	1.6494	1.61671	1.58467	1.55327	
0	0	0	0	0	0	0	0	0	0	0	0	0	0	0	0	0	0	0	0	2.426e-05	0.00146236	0.0028665	0.00423739	0.00557568	0.00688207	0.00815718	0.00940168	0.0106162	0.0118013	0.0129576	0.0140858	0.0151863	0.0162598	0.0173068	0.0183279	0.0193235	0.0202943	0.0212407	0.0221633	0.0230867	0.025401	0.027659	0.0298618	0.0320104	0.0341061	0.0361499	0.0381429	0.0400861	0.0419806	0.0438273	0.0456273	0.0473815	0.0490908	0.0507562	0.0523786	0.0539589	0.0554979	0.0569965	0.0584556	0.0599002	0.0627207	0.0654702	0.06815	0.0707616	0.0733064	0.0757858	0.0782012	0.0805538	0.082845	0.0850761	0.0872483	0.0893627	0.0914208	0.0934235	0.095372	0.0972675	0.0991111	0.100904	0.102647	0.104365	0.10745	0.110454	0.113379	0.116227	0.118998	0.121696	0.124321	0.126875	0.129359	0.131775	0.134125	0.136409	0.138628	0.140786	0.142882	0.144917	0.146894	0.148814	0.150677	0.152509	0.155701	0.158806	0.161827	0.164764	0.167619	0.170395	0.173092	0.175713	0.178259	0.180732	0.183133	0.185464	0.187726	0.18992	0.192049	
0	0	0	0	0	0	0	0	0	0	0	0	0	0	0	0	0	0	0	0	0.06229	3.75475	7.36003	10.8799	14.3161	17.6704	20.9444	24.1397	27.2581	30.301	33.27	36.1666	38.9924	41.7487	44.437	47.0587	49.6151	52.1077	54.5376	56.9064	59.2773	65.2197	71.0172	76.673	82.1899	87.5708	92.8185	97.9357	102.925	107.789	112.531	117.153	121.657	126.045	130.322	134.487	138.545	142.496	146.344	150.091	153.8	161.042	168.101	174.982	181.687	188.221	194.588	200.789	206.83	212.713	218.441	224.018	229.448	234.732	239.874	244.877	249.744	254.478	259.081	263.556	267.968	275.889	283.602	291.112	298.423	305.54	312.467	319.207	325.764	332.143	338.346	344.378	350.242	355.942	361.481	366.863	372.09	377.166	382.095	386.878	391.582	399.778	407.751	415.506	423.047	430.378	437.505	444.431	451.161	457.698	464.047	470.212	476.197	482.004	487.639	493.105	
0	0	0	0	0	0	0	0	0	0	0	0	0	0	0	0	0	0	0	0	0	0	0	0	0	0.0115451	0	0.0151736	0	0.0188433	0	0.0205339	0	0	0	0	0	0	0	0.00870009	0.0226823	0.0809961	0.169076	0.288483	0.437754	0.616497	0.804408	0.950273	1	0	0	0	0	0	0	0	0	0	0	0	0	0	0	0	0	0	0	0	0	0	0	0	0	0	0	0	0	0	0	0	0	0	0	0	0	0	0	0	0	0	0	0	0	0	0	0	0	0	0	0	0	0	0	0	0	0	0	0	0	0	0	0	0	0	0	0	
0	0	0	0	0	0	0	0	0	0	0	0	0	0	0	0	0	0	0	0	0	0.315885	0.477146	0.574964	0.640603	0.687685	0.723092	0.750679	0.772771	0.790855	0.805925	0.818672	0.829591	0.839045	0.847307	0.854586	0.861046	0.866815	0.871995	0.876671	0.880912	0.890594	0.898634	0.905415	0.911209	0.916215	0.920581	0.924422	0.927826	0.930861	0.933584	0.936039	0.938263	0.940287	0.942134	0.943828	0.945384	0.94682	0.948147	0.949376	0.950519	0.952641	0.954542	0.956253	0.957801	0.959207	0.96049	0.961665	0.962744	0.963738	0.964656	0.965506	0.966296	0.96703	0.967715	0.968354	0.968952	0.969512	0.970038	0.970532	0.970997	0.971807	0.972553	0.973243	0.973882	0.974475	0.975028	0.975542	0.976023	0.976473	0.976895	0.977291	0.977663	0.978013	0.978343	0.978654	0.978948	0.979225	0.979488	0.979737	0.979972	0.980375	0.980752	0.981104	0.981435	0.981746	0.982038	0.982313	0.982573	0.982818	0.983049	0.983267	0.983474	0.98367	0.983856	0.984032	
0	10000	898.462	10000	899.146	10000	897.193	10000	890.785	10000	892.937	10000	893.564	10000	898.616	10000	896.717	10000	884.525	10000	896.738	10000	470.919	8384.77	287.278	5978.79	181.396	5445.77	145.123	4594.96	124.864	3565.85	100.371	2857.28	76.1351	2371.29	639.068	1482.34	1958.97	2096.57	2536.94	2524.46	2290.79	2025.04	1978.01	1894.75	1660.39	1328.64	1099.99	871.939	791.929	725.19	653.553	672.857	667.756	629.761	618.355	608.233	601.807	587.131	570.866	561.797	546.065	527.104	502.271	500.118	488.345	455.327	442.315	433.34	437.594	423.452	408.639	413.942	414.276	396.394	384.427	388.933	381.284	360.106	363.899	345.194	341.036	334.764	325.104	320.519	309.054	304.784	305.873	297.619	290.132	298.496	290.377	280.482	276.393	278.624	266.184	265.741	261.066	255.859	260.025	249.942	248.449	244.978	241.369	234.591	228.859	226.96	221.74	219.277	220.208	215.393	211.659	210.899	204.941	204.997	
